region,year,scenario,dT_celsius,mu_forward,sig_forward,put_price_lakh,call_price_lakh,p_drought
Chhattisgarh,2025,SSP245,0.8,1153.6,94.9,0.0009,0.1606,0.0011
Chhattisgarh,2025,SSP585,0.6,1141.9,93.3,0.003,0.1089,0.0015
Chhattisgarh,2026,SSP245,0.88,1158.3,95.5,0.0019,0.1724,0.001
Chhattisgarh,2026,SSP585,0.671,1146.1,93.9,0.0018,0.1184,0.0014
Chhattisgarh,2027,SSP245,0.96,1163.0,96.2,0.001,0.1863,0.0009
Chhattisgarh,2027,SSP585,0.744,1150.4,94.4,0.0027,0.1301,0.0012
Chhattisgarh,2028,SSP245,1.04,1167.7,96.8,0.0018,0.245,0.0008
Chhattisgarh,2028,SSP585,0.819,1154.8,95.0,0.0021,0.1582,0.0011
Chhattisgarh,2029,SSP245,1.12,1172.4,97.4,0.0013,0.283,0.0007
Chhattisgarh,2029,SSP585,0.896,1159.3,95.6,0.0016,0.1865,0.001
Chhattisgarh,2030,SSP245,1.2,1177.1,98.1,0.0018,0.3033,0.0006
Chhattisgarh,2030,SSP585,0.975,1163.9,96.3,0.0027,0.2114,0.0009
Chhattisgarh,2031,SSP245,1.28,1181.8,98.7,0.002,0.3439,0.0005
Chhattisgarh,2031,SSP585,1.056,1168.7,96.9,0.0028,0.2502,0.0008
Chhattisgarh,2032,SSP245,1.36,1186.5,99.3,0.0009,0.3745,0.0005
Chhattisgarh,2032,SSP585,1.139,1173.5,97.6,0.0016,0.2708,0.0007
Chhattisgarh,2033,SSP245,1.44,1191.2,100.0,0.0006,0.4235,0.0004
Chhattisgarh,2033,SSP585,1.224,1178.5,98.3,0.0005,0.3218,0.0006
Chhattisgarh,2034,SSP245,1.52,1195.9,100.6,0.0008,0.4781,0.0004
Chhattisgarh,2034,SSP585,1.311,1183.6,99.0,0.0017,0.3417,0.0005
Chhattisgarh,2035,SSP245,1.6,1200.6,101.3,0.0004,0.5516,0.0003
Chhattisgarh,2035,SSP585,1.4,1188.8,99.7,0.0019,0.4076,0.0004
Chhattisgarh,2036,SSP245,1.68,1205.3,101.9,0.0003,0.613,0.0003
Chhattisgarh,2036,SSP585,1.491,1194.2,100.4,0.0008,0.478,0.0004
Chhattisgarh,2037,SSP245,1.76,1209.9,102.5,0.0001,0.6832,0.0003
Chhattisgarh,2037,SSP585,1.584,1199.6,101.1,0.0011,0.5687,0.0003
Chhattisgarh,2038,SSP245,1.84,1214.6,103.2,0.0001,0.7325,0.0002
Chhattisgarh,2038,SSP585,1.679,1205.2,101.9,0.0,0.6021,0.0003
Chhattisgarh,2039,SSP245,1.92,1219.3,103.8,0.0005,0.8568,0.0002
Chhattisgarh,2039,SSP585,1.776,1210.9,102.7,0.0003,0.7046,0.0002
Chhattisgarh,2040,SSP245,2.0,1224.0,104.4,0.0003,0.9031,0.0002
Chhattisgarh,2040,SSP585,1.875,1216.7,103.4,0.0001,0.7955,0.0002
Chhattisgarh,2041,SSP245,2.0,1224.0,104.4,0.0004,0.9184,0.0002
Chhattisgarh,2041,SSP585,1.976,1222.6,104.2,0.0002,0.8888,0.0002
Chhattisgarh,2042,SSP245,2.0,1224.0,104.4,0.0002,0.9351,0.0002
Chhattisgarh,2042,SSP585,2.079,1228.7,105.1,0.0,1.0509,0.0002
Chhattisgarh,2043,SSP245,2.0,1224.0,104.4,0.0004,0.9538,0.0002
Chhattisgarh,2043,SSP585,2.184,1234.8,105.9,0.0003,1.1442,0.0001
Chhattisgarh,2044,SSP245,2.0,1224.0,104.4,0.0001,0.9357,0.0002
Chhattisgarh,2044,SSP585,2.291,1241.1,106.8,0.0005,1.292,0.0001
Chhattisgarh,2045,SSP245,2.0,1224.0,104.4,0.0002,0.9096,0.0002
Chhattisgarh,2045,SSP585,2.4,1247.5,107.6,0.0001,1.4785,0.0001
Chhattisgarh,2046,SSP245,2.0,1224.0,104.4,0.0003,0.875,0.0002
Chhattisgarh,2046,SSP585,2.511,1254.0,108.5,0.0005,1.5659,0.0001
Chhattisgarh,2047,SSP245,2.0,1224.0,104.4,0.0,0.9746,0.0002
Chhattisgarh,2047,SSP585,2.624,1260.6,109.4,0.0001,1.909,0.0001
Chhattisgarh,2048,SSP245,2.0,1224.0,104.4,0.0,0.9466,0.0002
Chhattisgarh,2048,SSP585,2.739,1267.4,110.3,0.0,2.0221,0.0001
Chhattisgarh,2049,SSP245,2.0,1224.0,104.4,0.0,0.9225,0.0002
Chhattisgarh,2049,SSP585,2.856,1274.2,111.3,0.0,2.2462,0.0
Chhattisgarh,2050,SSP245,2.0,1224.0,104.4,0.0,0.8966,0.0002
Chhattisgarh,2050,SSP585,2.975,1281.2,112.2,0.0,2.5705,0.0
Chhattisgarh,2051,SSP245,2.0,1224.0,104.4,0.0,0.918,0.0002
Chhattisgarh,2051,SSP585,3.096,1288.3,113.2,0.0,2.8291,0.0
Chhattisgarh,2052,SSP245,2.0,1224.0,104.4,0.0003,0.9216,0.0002
Chhattisgarh,2052,SSP585,3.219,1295.5,114.2,0.0,3.0545,0.0
Chhattisgarh,2053,SSP245,2.0,1224.0,104.4,0.0006,0.9208,0.0002
Chhattisgarh,2053,SSP585,3.344,1302.9,115.1,0.0003,3.3457,0.0
Chhattisgarh,2054,SSP245,2.0,1224.0,104.4,0.0,0.9256,0.0002
Chhattisgarh,2054,SSP585,3.471,1310.3,116.2,0.0,3.8298,0.0
Chhattisgarh,2055,SSP245,2.0,1224.0,104.4,0.0003,0.9087,0.0002
Chhattisgarh,2055,SSP585,3.6,1317.9,117.2,0.0,4.1742,0.0
Chhattisgarh,2056,SSP245,2.0,1224.0,104.4,0.0006,0.9336,0.0002
Chhattisgarh,2056,SSP585,3.731,1325.6,118.2,0.0,4.4966,0.0
Chhattisgarh,2057,SSP245,2.0,1224.0,104.4,0.0004,0.9393,0.0002
Chhattisgarh,2057,SSP585,3.864,1333.4,119.3,0.0,4.9093,0.0
Chhattisgarh,2058,SSP245,2.0,1224.0,104.4,0.0004,0.9478,0.0002
Chhattisgarh,2058,SSP585,3.999,1341.3,120.4,0.0,5.2715,0.0
Chhattisgarh,2059,SSP245,2.0,1224.0,104.4,0.0002,0.8884,0.0002
Chhattisgarh,2059,SSP585,4.0,1341.3,120.4,0.0,5.3427,0.0
Chhattisgarh,2060,SSP245,2.0,1224.0,104.4,0.0,0.9473,0.0002
Chhattisgarh,2060,SSP585,4.0,1341.3,120.4,0.0,5.2927,0.0
Himachal_Pradesh,2025,SSP245,0.8,650.3,97.8,0.1707,0.8739,0.0511
Himachal_Pradesh,2025,SSP585,0.6,643.6,96.2,0.1884,0.7863,0.0567
Himachal_Pradesh,2026,SSP245,0.88,652.9,98.5,0.1597,0.9659,0.049
Himachal_Pradesh,2026,SSP585,0.671,646.0,96.8,0.1794,0.8229,0.0547
Himachal_Pradesh,2027,SSP245,0.96,655.5,99.2,0.1522,0.9944,0.0471
Himachal_Pradesh,2027,SSP585,0.744,648.4,97.4,0.168,0.8436,0.0526
Himachal_Pradesh,2028,SSP245,1.04,658.2,99.8,0.1348,1.0247,0.0452
Himachal_Pradesh,2028,SSP585,0.819,650.9,98.0,0.1723,0.8887,0.0506
Himachal_Pradesh,2029,SSP245,1.12,660.8,100.5,0.1297,1.17,0.0433
Himachal_Pradesh,2029,SSP585,0.896,653.4,98.6,0.1524,0.949,0.0486
Himachal_Pradesh,2030,SSP245,1.2,663.5,101.1,0.124,1.1996,0.0416
Himachal_Pradesh,2030,SSP585,0.975,656.0,99.3,0.1523,1.0481,0.0467
Himachal_Pradesh,2031,SSP245,1.28,666.1,101.8,0.1174,1.2946,0.0399
Himachal_Pradesh,2031,SSP585,1.056,658.7,99.9,0.1438,1.053,0.0448
Himachal_Pradesh,2032,SSP245,1.36,668.8,102.4,0.1194,1.2826,0.0383
Himachal_Pradesh,2032,SSP585,1.139,661.5,100.6,0.1404,1.144,0.0429
Himachal_Pradesh,2033,SSP245,1.44,671.4,103.1,0.1115,1.3646,0.0368
Himachal_Pradesh,2033,SSP585,1.224,664.3,101.3,0.1402,1.192,0.0411
Himachal_Pradesh,2034,SSP245,1.52,674.1,103.8,0.1154,1.4349,0.0353
Himachal_Pradesh,2034,SSP585,1.311,667.1,102.0,0.1353,1.3018,0.0393
Himachal_Pradesh,2035,SSP245,1.6,676.7,104.4,0.0971,1.5054,0.0339
Himachal_Pradesh,2035,SSP585,1.4,670.1,102.8,0.1313,1.3948,0.0375
Himachal_Pradesh,2036,SSP245,1.68,679.3,105.1,0.1158,1.6173,0.0326
Himachal_Pradesh,2036,SSP585,1.491,673.1,103.5,0.1094,1.4706,0.0358
Himachal_Pradesh,2037,SSP245,1.76,682.0,105.7,0.0933,1.6508,0.0313
Himachal_Pradesh,2037,SSP585,1.584,676.2,104.3,0.1044,1.5381,0.0342
Himachal_Pradesh,2038,SSP245,1.84,684.6,106.4,0.0926,1.7836,0.03
Himachal_Pradesh,2038,SSP585,1.679,679.3,105.1,0.1042,1.6663,0.0326
Himachal_Pradesh,2039,SSP245,1.92,687.3,107.0,0.0873,1.8538,0.0288
Himachal_Pradesh,2039,SSP585,1.776,682.5,105.9,0.0954,1.7363,0.031
Himachal_Pradesh,2040,SSP245,2.0,689.9,107.7,0.0816,1.8839,0.0277
Himachal_Pradesh,2040,SSP585,1.875,685.8,106.7,0.082,1.8367,0.0295
Himachal_Pradesh,2041,SSP245,2.0,689.9,107.7,0.0775,1.9587,0.0277
Himachal_Pradesh,2041,SSP585,1.976,689.1,107.5,0.0908,1.9257,0.028
Himachal_Pradesh,2042,SSP245,2.0,689.9,107.7,0.0912,1.967,0.0277
Himachal_Pradesh,2042,SSP585,2.079,692.5,108.3,0.081,2.0841,0.0266
Himachal_Pradesh,2043,SSP245,2.0,689.9,107.7,0.0845,1.9738,0.0277
Himachal_Pradesh,2043,SSP585,2.184,696.0,109.2,0.0808,2.1883,0.0252
Himachal_Pradesh,2044,SSP245,2.0,689.9,107.7,0.0876,1.8904,0.0277
Himachal_Pradesh,2044,SSP585,2.291,699.5,110.1,0.0785,2.2786,0.0239
Himachal_Pradesh,2045,SSP245,2.0,689.9,107.7,0.0712,1.9609,0.0277
Himachal_Pradesh,2045,SSP585,2.4,703.1,111.0,0.0593,2.3539,0.0227
Himachal_Pradesh,2046,SSP245,2.0,689.9,107.7,0.088,1.9585,0.0277
Himachal_Pradesh,2046,SSP585,2.511,706.8,111.9,0.0632,2.4467,0.0215
Himachal_Pradesh,2047,SSP245,2.0,689.9,107.7,0.0934,2.0241,0.0277
Himachal_Pradesh,2047,SSP585,2.624,710.6,112.8,0.0585,2.7036,0.0203
Himachal_Pradesh,2048,SSP245,2.0,689.9,107.7,0.0819,1.9622,0.0277
Himachal_Pradesh,2048,SSP585,2.739,714.4,113.8,0.0482,2.914,0.0192
Himachal_Pradesh,2049,SSP245,2.0,689.9,107.7,0.0922,1.9556,0.0277
Himachal_Pradesh,2049,SSP585,2.856,718.2,114.7,0.0582,2.9813,0.0181
Himachal_Pradesh,2050,SSP245,2.0,689.9,107.7,0.0814,1.8807,0.0277
Himachal_Pradesh,2050,SSP585,2.975,722.2,115.7,0.0521,3.1534,0.0171
Himachal_Pradesh,2051,SSP245,2.0,689.9,107.7,0.0852,1.9632,0.0277
Himachal_Pradesh,2051,SSP585,3.096,726.2,116.7,0.0423,3.2867,0.0161
Himachal_Pradesh,2052,SSP245,2.0,689.9,107.7,0.0827,1.8924,0.0277
Himachal_Pradesh,2052,SSP585,3.219,730.2,117.7,0.0393,3.4261,0.0152
Himachal_Pradesh,2053,SSP245,2.0,689.9,107.7,0.0959,1.8988,0.0277
Himachal_Pradesh,2053,SSP585,3.344,734.4,118.7,0.0464,3.6938,0.0143
Himachal_Pradesh,2054,SSP245,2.0,689.9,107.7,0.094,1.9748,0.0277
Himachal_Pradesh,2054,SSP585,3.471,738.6,119.8,0.0412,3.8781,0.0134
Himachal_Pradesh,2055,SSP245,2.0,689.9,107.7,0.0838,2.0699,0.0277
Himachal_Pradesh,2055,SSP585,3.6,742.8,120.8,0.0418,4.0097,0.0126
Himachal_Pradesh,2056,SSP245,2.0,689.9,107.7,0.0793,1.92,0.0277
Himachal_Pradesh,2056,SSP585,3.731,747.2,121.9,0.0409,4.2635,0.0118
Himachal_Pradesh,2057,SSP245,2.0,689.9,107.7,0.0772,1.9095,0.0277
Himachal_Pradesh,2057,SSP585,3.864,751.6,123.0,0.0339,4.4857,0.0111
Himachal_Pradesh,2058,SSP245,2.0,689.9,107.7,0.0905,1.9866,0.0277
Himachal_Pradesh,2058,SSP585,3.999,756.0,124.1,0.031,4.6834,0.0104
Himachal_Pradesh,2059,SSP245,2.0,689.9,107.7,0.08,2.0075,0.0277
Himachal_Pradesh,2059,SSP585,4.0,756.0,124.1,0.0344,4.6742,0.0104
Himachal_Pradesh,2060,SSP245,2.0,689.9,107.7,0.0969,1.9797,0.0277
Himachal_Pradesh,2060,SSP585,4.0,756.0,124.1,0.0344,4.5548,0.0104
Madhya_Maharashtra,2025,SSP245,0.8,1061.1,200.6,0.7739,2.4885,0.1009
Madhya_Maharashtra,2025,SSP585,0.6,1050.3,197.3,0.8166,2.181,0.1082
Madhya_Maharashtra,2026,SSP245,0.88,1065.4,202.0,0.732,2.5901,0.0981
Madhya_Maharashtra,2026,SSP585,0.671,1054.1,198.5,0.7551,2.2992,0.1056
Madhya_Maharashtra,2027,SSP245,0.96,1069.7,203.3,0.703,2.7877,0.0954
Madhya_Maharashtra,2027,SSP585,0.744,1058.1,199.7,0.7522,2.3367,0.1029
Madhya_Maharashtra,2028,SSP245,1.04,1074.0,204.7,0.7164,2.8518,0.0928
Madhya_Maharashtra,2028,SSP585,0.819,1062.1,201.0,0.7397,2.5144,0.1002
Madhya_Maharashtra,2029,SSP245,1.12,1078.4,206.0,0.6203,2.9226,0.0903
Madhya_Maharashtra,2029,SSP585,0.896,1066.3,202.3,0.7189,2.5325,0.0976
Madhya_Maharashtra,2030,SSP245,1.2,1082.7,207.4,0.5661,2.9812,0.0878
Madhya_Maharashtra,2030,SSP585,0.975,1070.5,203.6,0.6873,2.8158,0.0949
Madhya_Maharashtra,2031,SSP245,1.28,1087.0,208.7,0.5962,3.2338,0.0854
Madhya_Maharashtra,2031,SSP585,1.056,1074.9,204.9,0.6366,2.7284,0.0923
Madhya_Maharashtra,2032,SSP245,1.36,1091.3,210.1,0.5973,3.3796,0.0831
Madhya_Maharashtra,2032,SSP585,1.139,1079.4,206.3,0.6357,2.9376,0.0897
Madhya_Maharashtra,2033,SSP245,1.44,1095.6,211.4,0.5735,3.3145,0.0808
Madhya_Maharashtra,2033,SSP585,1.224,1084.0,207.8,0.5901,3.0633,0.0871
Madhya_Maharashtra,2034,SSP245,1.52,1099.9,212.8,0.5662,3.5822,0.0786
Madhya_Maharashtra,2034,SSP585,1.311,1088.7,209.2,0.5719,3.1554,0.0845
Madhya_Maharashtra,2035,SSP245,1.6,1104.3,214.1,0.5563,3.699,0.0765
Madhya_Maharashtra,2035,SSP585,1.4,1093.5,210.7,0.6007,3.4069,0.0819
Madhya_Maharashtra,2036,SSP245,1.68,1108.6,215.5,0.5262,3.8358,0.0745
Madhya_Maharashtra,2036,SSP585,1.491,1098.4,212.3,0.5445,3.3573,0.0794
Madhya_Maharashtra,2037,SSP245,1.76,1112.9,216.8,0.5212,3.9907,0.0725
Madhya_Maharashtra,2037,SSP585,1.584,1103.4,213.8,0.5756,3.7757,0.0769
Madhya_Maharashtra,2038,SSP245,1.84,1117.2,218.2,0.518,4.1232,0.0705
Madhya_Maharashtra,2038,SSP585,1.679,1108.5,215.4,0.5587,3.632,0.0745
Madhya_Maharashtra,2039,SSP245,1.92,1121.5,219.5,0.5032,4.1811,0.0687
Madhya_Maharashtra,2039,SSP585,1.776,1113.7,217.1,0.49,4.0182,0.0721
Madhya_Maharashtra,2040,SSP245,2.0,1125.8,220.9,0.481,4.3716,0.0668
Madhya_Maharashtra,2040,SSP585,1.875,1119.1,218.7,0.4747,4.1118,0.0697
Madhya_Maharashtra,2041,SSP245,2.0,1125.8,220.9,0.4764,4.3684,0.0668
Madhya_Maharashtra,2041,SSP585,1.976,1124.5,220.4,0.4477,4.4184,0.0674
Madhya_Maharashtra,2042,SSP245,2.0,1125.8,220.9,0.5078,4.504,0.0668
Madhya_Maharashtra,2042,SSP585,2.079,1130.1,222.2,0.4867,4.5787,0.0651
Madhya_Maharashtra,2043,SSP245,2.0,1125.8,220.9,0.4884,4.4331,0.0668
Madhya_Maharashtra,2043,SSP585,2.184,1135.8,223.9,0.443,4.7631,0.0628
Madhya_Maharashtra,2044,SSP245,2.0,1125.8,220.9,0.4646,4.4321,0.0668
Madhya_Maharashtra,2044,SSP585,2.291,1141.5,225.8,0.3966,4.9647,0.0606
Madhya_Maharashtra,2045,SSP245,2.0,1125.8,220.9,0.5038,4.3757,0.0668
Madhya_Maharashtra,2045,SSP585,2.4,1147.4,227.6,0.4037,5.3005,0.0585
Madhya_Maharashtra,2046,SSP245,2.0,1125.8,220.9,0.4334,4.5673,0.0668
Madhya_Maharashtra,2046,SSP585,2.511,1153.4,229.5,0.4179,5.3276,0.0564
Madhya_Maharashtra,2047,SSP245,2.0,1125.8,220.9,0.4729,4.3363,0.0668
Madhya_Maharashtra,2047,SSP585,2.624,1159.5,231.4,0.3286,5.7519,0.0543
Madhya_Maharashtra,2048,SSP245,2.0,1125.8,220.9,0.4633,4.2584,0.0668
Madhya_Maharashtra,2048,SSP585,2.739,1165.7,233.3,0.3561,5.9467,0.0523
Madhya_Maharashtra,2049,SSP245,2.0,1125.8,220.9,0.4985,4.3527,0.0668
Madhya_Maharashtra,2049,SSP585,2.856,1172.0,235.3,0.3218,6.1798,0.0504
Madhya_Maharashtra,2050,SSP245,2.0,1125.8,220.9,0.4765,4.4519,0.0668
Madhya_Maharashtra,2050,SSP585,2.975,1178.4,237.3,0.3566,6.4413,0.0484
Madhya_Maharashtra,2051,SSP245,2.0,1125.8,220.9,0.4771,4.4383,0.0668
Madhya_Maharashtra,2051,SSP585,3.096,1185.0,239.3,0.3167,6.5816,0.0466
Madhya_Maharashtra,2052,SSP245,2.0,1125.8,220.9,0.4683,4.5429,0.0668
Madhya_Maharashtra,2052,SSP585,3.219,1191.6,241.4,0.3089,6.7786,0.0448
Madhya_Maharashtra,2053,SSP245,2.0,1125.8,220.9,0.4878,4.358,0.0668
Madhya_Maharashtra,2053,SSP585,3.344,1198.3,243.5,0.2822,7.1663,0.043
Madhya_Maharashtra,2054,SSP245,2.0,1125.8,220.9,0.4817,4.3181,0.0668
Madhya_Maharashtra,2054,SSP585,3.471,1205.2,245.6,0.2797,7.6382,0.0413
Madhya_Maharashtra,2055,SSP245,2.0,1125.8,220.9,0.4694,4.4845,0.0668
Madhya_Maharashtra,2055,SSP585,3.6,1212.2,247.8,0.2501,7.6319,0.0396
Madhya_Maharashtra,2056,SSP245,2.0,1125.8,220.9,0.4688,4.2588,0.0668
Madhya_Maharashtra,2056,SSP585,3.731,1219.2,250.0,0.2577,8.088,0.038
Madhya_Maharashtra,2057,SSP245,2.0,1125.8,220.9,0.4528,4.3442,0.0668
Madhya_Maharashtra,2057,SSP585,3.864,1226.4,252.2,0.2679,8.2448,0.0365
Madhya_Maharashtra,2058,SSP245,2.0,1125.8,220.9,0.4736,4.4559,0.0668
Madhya_Maharashtra,2058,SSP585,3.999,1233.7,254.5,0.2409,8.4963,0.035
Madhya_Maharashtra,2059,SSP245,2.0,1125.8,220.9,0.4645,4.4659,0.0668
Madhya_Maharashtra,2059,SSP585,4.0,1233.7,254.5,0.2288,8.7658,0.035
Madhya_Maharashtra,2060,SSP245,2.0,1125.8,220.9,0.515,4.4508,0.0668
Madhya_Maharashtra,2060,SSP585,4.0,1233.7,254.5,0.232,8.6937,0.035
Odisha,2025,SSP245,0.8,1120.7,58.5,0.0,0.0038,0.0
Odisha,2025,SSP585,0.6,1109.3,57.5,0.0,0.0011,0.0
Odisha,2026,SSP245,0.88,1125.3,58.9,0.0,0.0091,0.0
Odisha,2026,SSP585,0.671,1113.4,57.8,0.0,0.0029,0.0
Odisha,2027,SSP245,0.96,1129.9,59.3,0.0,0.0109,0.0
Odisha,2027,SSP585,0.744,1117.5,58.2,0.0,0.0037,0.0
Odisha,2028,SSP245,1.04,1134.4,59.6,0.0,0.0128,0.0
Odisha,2028,SSP585,0.819,1121.8,58.6,0.0,0.0057,0.0
Odisha,2029,SSP245,1.12,1139.0,60.0,0.0,0.0117,0.0
Odisha,2029,SSP585,0.896,1126.2,58.9,0.0,0.0045,0.0
Odisha,2030,SSP245,1.2,1143.5,60.4,0.0,0.0222,0.0
Odisha,2030,SSP585,0.975,1130.7,59.3,0.0,0.0084,0.0
Odisha,2031,SSP245,1.28,1148.1,60.8,0.0,0.024,0.0
Odisha,2031,SSP585,1.056,1135.3,59.7,0.0,0.0164,0.0
Odisha,2032,SSP245,1.36,1152.6,61.2,0.0,0.0258,0.0
Odisha,2032,SSP585,1.139,1140.1,60.1,0.0,0.0151,0.0
Odisha,2033,SSP245,1.44,1157.2,61.6,0.0,0.0417,0.0
Odisha,2033,SSP585,1.224,1144.9,60.5,0.0,0.0217,0.0
Odisha,2034,SSP245,1.52,1161.8,62.0,0.0,0.0578,0.0
Odisha,2034,SSP585,1.311,1149.9,61.0,0.0,0.025,0.0
Odisha,2035,SSP245,1.6,1166.3,62.4,0.0,0.0664,0.0
Odisha,2035,SSP585,1.4,1154.9,61.4,0.0,0.0391,0.0
Odisha,2036,SSP245,1.68,1170.9,62.8,0.0,0.0753,0.0
Odisha,2036,SSP585,1.491,1160.1,61.9,0.0,0.0523,0.0
Odisha,2037,SSP245,1.76,1175.4,63.2,0.0,0.0901,0.0
Odisha,2037,SSP585,1.584,1165.4,62.3,0.0,0.0679,0.0
Odisha,2038,SSP245,1.84,1180.0,63.6,0.0,0.1199,0.0
Odisha,2038,SSP585,1.679,1170.8,62.8,0.0,0.0694,0.0
Odisha,2039,SSP245,1.92,1184.6,64.0,0.0,0.1412,0.0
Odisha,2039,SSP585,1.776,1176.4,63.3,0.0,0.097,0.0
Odisha,2040,SSP245,2.0,1189.1,64.4,0.0,0.1773,0.0
Odisha,2040,SSP585,1.875,1182.0,63.7,0.0,0.1492,0.0
Odisha,2041,SSP245,2.0,1189.1,64.4,0.0,0.1721,0.0
Odisha,2041,SSP585,1.976,1187.8,64.2,0.0,0.1896,0.0
Odisha,2042,SSP245,2.0,1189.1,64.4,0.0,0.1742,0.0
Odisha,2042,SSP585,2.079,1193.6,64.7,0.0,0.2054,0.0
Odisha,2043,SSP245,2.0,1189.1,64.4,0.0,0.172,0.0
Odisha,2043,SSP585,2.184,1199.6,65.3,0.0,0.2527,0.0
Odisha,2044,SSP245,2.0,1189.1,64.4,0.0,0.1671,0.0
Odisha,2044,SSP585,2.291,1205.7,65.8,0.0,0.3133,0.0
Odisha,2045,SSP245,2.0,1189.1,64.4,0.0,0.1917,0.0
Odisha,2045,SSP585,2.4,1211.9,66.3,0.0,0.4035,0.0
Odisha,2046,SSP245,2.0,1189.1,64.4,0.0,0.1841,0.0
Odisha,2046,SSP585,2.511,1218.2,66.9,0.0,0.5039,0.0
Odisha,2047,SSP245,2.0,1189.1,64.4,0.0,0.1765,0.0
Odisha,2047,SSP585,2.624,1224.7,67.4,0.0,0.616,0.0
Odisha,2048,SSP245,2.0,1189.1,64.4,0.0,0.1795,0.0
Odisha,2048,SSP585,2.739,1231.2,68.0,0.0,0.7465,0.0
Odisha,2049,SSP245,2.0,1189.1,64.4,0.0,0.1719,0.0
Odisha,2049,SSP585,2.856,1237.9,68.6,0.0,0.8558,0.0
Odisha,2050,SSP245,2.0,1189.1,64.4,0.0,0.1756,0.0
Odisha,2050,SSP585,2.975,1244.7,69.1,0.0,1.0551,0.0
Odisha,2051,SSP245,2.0,1189.1,64.4,0.0,0.184,0.0
Odisha,2051,SSP585,3.096,1251.6,69.7,0.0,1.2747,0.0
Odisha,2052,SSP245,2.0,1189.1,64.4,0.0,0.1822,0.0
Odisha,2052,SSP585,3.219,1258.6,70.3,0.0,1.5102,0.0
Odisha,2053,SSP245,2.0,1189.1,64.4,0.0,0.1799,0.0
Odisha,2053,SSP585,3.344,1265.7,71.0,0.0,1.7711,0.0
Odisha,2054,SSP245,2.0,1189.1,64.4,0.0,0.178,0.0
Odisha,2054,SSP585,3.471,1272.9,71.6,0.0,2.0781,0.0
Odisha,2055,SSP245,2.0,1189.1,64.4,0.0,0.1834,0.0
Odisha,2055,SSP585,3.6,1280.3,72.2,0.0,2.308,0.0
Odisha,2056,SSP245,2.0,1189.1,64.4,0.0,0.1812,0.0
Odisha,2056,SSP585,3.731,1287.8,72.9,0.0,2.7063,0.0
Odisha,2057,SSP245,2.0,1189.1,64.4,0.0,0.187,0.0
Odisha,2057,SSP585,3.864,1295.3,73.5,0.0,3.12,0.0
Odisha,2058,SSP245,2.0,1189.1,64.4,0.0,0.1906,0.0
Odisha,2058,SSP585,3.999,1303.0,74.2,0.0,3.5455,0.0
Odisha,2059,SSP245,2.0,1189.1,64.4,0.0,0.1598,0.0
Odisha,2059,SSP585,4.0,1303.1,74.2,0.0,3.489,0.0
Odisha,2060,SSP245,2.0,1189.1,64.4,0.0,0.1648,0.0
Odisha,2060,SSP585,4.0,1303.1,74.2,0.0,3.6513,0.0
Punjab_Haryana,2025,SSP245,0.8,523.1,72.5,0.0936,0.5601,0.0373
Punjab_Haryana,2025,SSP585,0.6,517.8,71.3,0.0936,0.4783,0.0421
Punjab_Haryana,2026,SSP245,0.88,525.2,73.0,0.0832,0.6083,0.0356
Punjab_Haryana,2026,SSP585,0.671,519.7,71.7,0.0916,0.5098,0.0403
Punjab_Haryana,2027,SSP245,0.96,527.3,73.5,0.0736,0.6567,0.0339
Punjab_Haryana,2027,SSP585,0.744,521.6,72.2,0.093,0.5468,0.0386
Punjab_Haryana,2028,SSP245,1.04,529.5,74.0,0.0689,0.6833,0.0324
Punjab_Haryana,2028,SSP585,0.819,523.6,72.6,0.0883,0.5631,0.0369
Punjab_Haryana,2029,SSP245,1.12,531.6,74.5,0.0736,0.713,0.0309
Punjab_Haryana,2029,SSP585,0.896,525.6,73.1,0.0844,0.6113,0.0353
Punjab_Haryana,2030,SSP245,1.2,533.7,74.9,0.0669,0.7768,0.0294
Punjab_Haryana,2030,SSP585,0.975,527.7,73.6,0.0745,0.6503,0.0336
Punjab_Haryana,2031,SSP245,1.28,535.8,75.4,0.0673,0.8791,0.0281
Punjab_Haryana,2031,SSP585,1.056,529.9,74.1,0.0692,0.6577,0.0321
Punjab_Haryana,2032,SSP245,1.36,538.0,75.9,0.0655,0.8634,0.0268
Punjab_Haryana,2032,SSP585,1.139,532.1,74.6,0.0661,0.7651,0.0305
Punjab_Haryana,2033,SSP245,1.44,540.1,76.4,0.0552,0.9678,0.0255
Punjab_Haryana,2033,SSP585,1.224,534.4,75.1,0.0604,0.8433,0.029
Punjab_Haryana,2034,SSP245,1.52,542.2,76.9,0.0509,1.0508,0.0243
Punjab_Haryana,2034,SSP585,1.311,536.7,75.6,0.0569,0.844,0.0275
Punjab_Haryana,2035,SSP245,1.6,544.4,77.4,0.0492,1.0221,0.0232
Punjab_Haryana,2035,SSP585,1.4,539.0,76.2,0.058,0.9589,0.0261
Punjab_Haryana,2036,SSP245,1.68,546.5,77.9,0.0501,1.1646,0.0222
Punjab_Haryana,2036,SSP585,1.491,541.5,76.7,0.0559,0.9722,0.0248
Punjab_Haryana,2037,SSP245,1.76,548.6,78.4,0.0432,1.1261,0.0211
Punjab_Haryana,2037,SSP585,1.584,543.9,77.3,0.0608,1.0347,0.0234
Punjab_Haryana,2038,SSP245,1.84,550.7,78.8,0.0433,1.2517,0.0202
Punjab_Haryana,2038,SSP585,1.679,546.5,77.9,0.0508,1.1583,0.0222
Punjab_Haryana,2039,SSP245,1.92,552.9,79.3,0.0418,1.3024,0.0193
Punjab_Haryana,2039,SSP585,1.776,549.0,78.4,0.0407,1.1936,0.0209
Punjab_Haryana,2040,SSP245,2.0,555.0,79.8,0.0428,1.425,0.0184
Punjab_Haryana,2040,SSP585,1.875,551.7,79.1,0.0433,1.3266,0.0198
Punjab_Haryana,2041,SSP245,2.0,555.0,79.8,0.0431,1.3137,0.0184
Punjab_Haryana,2041,SSP585,1.976,554.4,79.7,0.0373,1.3491,0.0186
Punjab_Haryana,2042,SSP245,2.0,555.0,79.8,0.0411,1.3906,0.0184
Punjab_Haryana,2042,SSP585,2.079,557.1,80.3,0.0337,1.4224,0.0175
Punjab_Haryana,2043,SSP245,2.0,555.0,79.8,0.037,1.3225,0.0184
Punjab_Haryana,2043,SSP585,2.184,559.9,80.9,0.025,1.5086,0.0165
Punjab_Haryana,2044,SSP245,2.0,555.0,79.8,0.0407,1.3726,0.0184
Punjab_Haryana,2044,SSP585,2.291,562.7,81.6,0.0353,1.6254,0.0155
Punjab_Haryana,2045,SSP245,2.0,555.0,79.8,0.0445,1.4042,0.0184
Punjab_Haryana,2045,SSP585,2.4,565.6,82.2,0.0308,1.6991,0.0146
Punjab_Haryana,2046,SSP245,2.0,555.0,79.8,0.0385,1.4076,0.0184
Punjab_Haryana,2046,SSP585,2.511,568.6,82.9,0.0255,1.8066,0.0137
Punjab_Haryana,2047,SSP245,2.0,555.0,79.8,0.0415,1.3314,0.0184
Punjab_Haryana,2047,SSP585,2.624,571.6,83.6,0.0268,1.9877,0.0128
Punjab_Haryana,2048,SSP245,2.0,555.0,79.8,0.0366,1.4275,0.0184
Punjab_Haryana,2048,SSP585,2.739,574.7,84.3,0.0277,2.139,0.012
Punjab_Haryana,2049,SSP245,2.0,555.0,79.8,0.0439,1.3439,0.0184
Punjab_Haryana,2049,SSP585,2.856,577.8,85.0,0.0281,2.2399,0.0112
Punjab_Haryana,2050,SSP245,2.0,555.0,79.8,0.0511,1.3723,0.0184
Punjab_Haryana,2050,SSP585,2.975,580.9,85.7,0.0205,2.2874,0.0105
Punjab_Haryana,2051,SSP245,2.0,555.0,79.8,0.0433,1.405,0.0184
Punjab_Haryana,2051,SSP585,3.096,584.1,86.5,0.0243,2.4823,0.0098
Punjab_Haryana,2052,SSP245,2.0,555.0,79.8,0.0423,1.3836,0.0184
Punjab_Haryana,2052,SSP585,3.219,587.4,87.2,0.0174,2.6061,0.0091
Punjab_Haryana,2053,SSP245,2.0,555.0,79.8,0.0402,1.3539,0.0184
Punjab_Haryana,2053,SSP585,3.344,590.7,88.0,0.0216,2.7686,0.0085
Punjab_Haryana,2054,SSP245,2.0,555.0,79.8,0.0389,1.3383,0.0184
Punjab_Haryana,2054,SSP585,3.471,594.1,88.8,0.016,2.9272,0.0079
Punjab_Haryana,2055,SSP245,2.0,555.0,79.8,0.0447,1.3709,0.0184
Punjab_Haryana,2055,SSP585,3.6,597.6,89.6,0.015,3.0679,0.0074
Punjab_Haryana,2056,SSP245,2.0,555.0,79.8,0.0451,1.4306,0.0184
Punjab_Haryana,2056,SSP585,3.731,601.0,90.3,0.0116,3.168,0.0069
Punjab_Haryana,2057,SSP245,2.0,555.0,79.8,0.0332,1.3328,0.0184
Punjab_Haryana,2057,SSP585,3.864,604.6,91.2,0.0131,3.3975,0.0064
Punjab_Haryana,2058,SSP245,2.0,555.0,79.8,0.0445,1.3941,0.0184
Punjab_Haryana,2058,SSP585,3.999,608.2,92.0,0.0111,3.5067,0.0059
Punjab_Haryana,2059,SSP245,2.0,555.0,79.8,0.0415,1.3676,0.0184
Punjab_Haryana,2059,SSP585,4.0,608.2,92.0,0.0129,3.5683,0.0059
Punjab_Haryana,2060,SSP245,2.0,555.0,79.8,0.0349,1.3452,0.0184
Punjab_Haryana,2060,SSP585,4.0,608.2,92.0,0.0137,3.4794,0.0059
Uttarakhand,2025,SSP245,0.8,1048.0,146.2,0.1671,1.1343,0.0383
Uttarakhand,2025,SSP585,0.6,1037.4,143.7,0.2162,0.9468,0.0432
Uttarakhand,2026,SSP245,0.88,1052.3,147.1,0.1738,1.2704,0.0366
Uttarakhand,2026,SSP585,0.671,1041.2,144.6,0.1773,1.1209,0.0414
Uttarakhand,2027,SSP245,0.96,1056.6,148.1,0.1596,1.2795,0.0349
Uttarakhand,2027,SSP585,0.744,1045.0,145.5,0.1631,1.0975,0.0396
Uttarakhand,2028,SSP245,1.04,1060.8,149.1,0.1529,1.412,0.0333
Uttarakhand,2028,SSP585,0.819,1049.0,146.4,0.1807,1.1849,0.0379
Uttarakhand,2029,SSP245,1.12,1065.1,150.1,0.1689,1.5174,0.0317
Uttarakhand,2029,SSP585,0.896,1053.1,147.3,0.1659,1.2601,0.0362
Uttarakhand,2030,SSP245,1.2,1069.3,151.1,0.1241,1.6394,0.0303
Uttarakhand,2030,SSP585,0.975,1057.4,148.3,0.1672,1.3375,0.0346
Uttarakhand,2031,SSP245,1.28,1073.6,152.0,0.1286,1.7656,0.0289
Uttarakhand,2031,SSP585,1.056,1061.7,149.3,0.1443,1.4613,0.033
Uttarakhand,2032,SSP245,1.36,1077.9,153.0,0.1285,1.8178,0.0276
Uttarakhand,2032,SSP585,1.139,1066.1,150.3,0.1458,1.5269,0.0314
Uttarakhand,2033,SSP245,1.44,1082.1,154.0,0.1346,1.9156,0.0263
Uttarakhand,2033,SSP585,1.224,1070.6,151.4,0.1261,1.5972,0.0299
Uttarakhand,2034,SSP245,1.52,1086.4,155.0,0.1117,2.0697,0.0251
Uttarakhand,2034,SSP585,1.311,1075.3,152.4,0.1155,1.7715,0.0284
Uttarakhand,2035,SSP245,1.6,1090.7,156.0,0.1124,2.0864,0.024
Uttarakhand,2035,SSP585,1.4,1080.0,153.5,0.1311,1.8682,0.0269
Uttarakhand,2036,SSP245,1.68,1094.9,157.0,0.1089,2.1973,0.0229
Uttarakhand,2036,SSP585,1.491,1084.9,154.6,0.1145,1.9358,0.0255
Uttarakhand,2037,SSP245,1.76,1099.2,157.9,0.0972,2.2883,0.0218
Uttarakhand,2037,SSP585,1.584,1089.8,155.8,0.0996,2.0937,0.0242
Uttarakhand,2038,SSP245,1.84,1103.5,158.9,0.0927,2.5878,0.0208
Uttarakhand,2038,SSP585,1.679,1094.9,156.9,0.1099,2.3085,0.0229
Uttarakhand,2039,SSP245,1.92,1107.7,159.9,0.0842,2.6105,0.0199
Uttarakhand,2039,SSP585,1.776,1100.0,158.1,0.0927,2.4584,0.0216
Uttarakhand,2040,SSP245,2.0,1112.0,160.9,0.0738,2.7742,0.019
Uttarakhand,2040,SSP585,1.875,1105.3,159.3,0.0876,2.5492,0.0204
Uttarakhand,2041,SSP245,2.0,1112.0,160.9,0.0904,2.7111,0.019
Uttarakhand,2041,SSP585,1.976,1110.7,160.6,0.0885,2.6656,0.0193
Uttarakhand,2042,SSP245,2.0,1112.0,160.9,0.0825,2.7353,0.019
Uttarakhand,2042,SSP585,2.079,1116.2,161.8,0.0737,2.8066,0.0182
Uttarakhand,2043,SSP245,2.0,1112.0,160.9,0.0854,2.7622,0.019
Uttarakhand,2043,SSP585,2.184,1121.8,163.1,0.069,2.9943,0.0171
Uttarakhand,2044,SSP245,2.0,1112.0,160.9,0.0861,2.6761,0.019
Uttarakhand,2044,SSP585,2.291,1127.5,164.5,0.0772,3.3029,0.0161
Uttarakhand,2045,SSP245,2.0,1112.0,160.9,0.0927,2.788,0.019
Uttarakhand,2045,SSP585,2.4,1133.3,165.8,0.0645,3.5498,0.0151
Uttarakhand,2046,SSP245,2.0,1112.0,160.9,0.0892,2.6711,0.019
Uttarakhand,2046,SSP585,2.511,1139.2,167.2,0.0681,3.8084,0.0142
Uttarakhand,2047,SSP245,2.0,1112.0,160.9,0.0941,2.7616,0.019
Uttarakhand,2047,SSP585,2.624,1145.2,168.5,0.0652,3.8434,0.0133
Uttarakhand,2048,SSP245,2.0,1112.0,160.9,0.0979,2.7692,0.019
Uttarakhand,2048,SSP585,2.739,1151.4,169.9,0.0702,4.2659,0.0125
Uttarakhand,2049,SSP245,2.0,1112.0,160.9,0.0779,2.7529,0.019
Uttarakhand,2049,SSP585,2.856,1157.6,171.4,0.0456,4.3237,0.0117
Uttarakhand,2050,SSP245,2.0,1112.0,160.9,0.0752,2.8134,0.019
Uttarakhand,2050,SSP585,2.975,1163.9,172.8,0.0511,4.5662,0.0109
Uttarakhand,2051,SSP245,2.0,1112.0,160.9,0.0868,2.7871,0.019
Uttarakhand,2051,SSP585,3.096,1170.4,174.3,0.0348,4.9716,0.0102
Uttarakhand,2052,SSP245,2.0,1112.0,160.9,0.0846,2.8594,0.019
Uttarakhand,2052,SSP585,3.219,1176.9,175.8,0.0401,5.1289,0.0095
Uttarakhand,2053,SSP245,2.0,1112.0,160.9,0.0783,2.8241,0.019
Uttarakhand,2053,SSP585,3.344,1183.6,177.4,0.0388,5.5797,0.0089
Uttarakhand,2054,SSP245,2.0,1112.0,160.9,0.087,2.6574,0.019
Uttarakhand,2054,SSP585,3.471,1190.4,178.9,0.0326,5.7797,0.0083
Uttarakhand,2055,SSP245,2.0,1112.0,160.9,0.0907,2.7967,0.019
Uttarakhand,2055,SSP585,3.6,1197.2,180.5,0.0355,6.2421,0.0077
Uttarakhand,2056,SSP245,2.0,1112.0,160.9,0.0918,2.6569,0.019
Uttarakhand,2056,SSP585,3.731,1204.2,182.1,0.0338,6.4771,0.0072
Uttarakhand,2057,SSP245,2.0,1112.0,160.9,0.0914,2.7338,0.019
Uttarakhand,2057,SSP585,3.864,1211.3,183.8,0.0363,6.9313,0.0067
Uttarakhand,2058,SSP245,2.0,1112.0,160.9,0.0747,2.7313,0.019
Uttarakhand,2058,SSP585,3.999,1218.5,185.4,0.0305,7.0773,0.0062
Uttarakhand,2059,SSP245,2.0,1112.0,160.9,0.0769,2.7692,0.019
Uttarakhand,2059,SSP585,4.0,1218.6,185.4,0.0303,7.3055,0.0062
Uttarakhand,2060,SSP245,2.0,1112.0,160.9,0.0839,2.7363,0.019
Uttarakhand,2060,SSP585,4.0,1218.6,185.4,0.0205,7.1456,0.0062
Vidarbha,2025,SSP245,0.8,1080.3,172.3,0.3339,1.6515,0.0624
Vidarbha,2025,SSP585,0.6,1069.3,169.4,0.3726,1.4568,0.0685
Vidarbha,2026,SSP245,0.88,1084.7,173.4,0.3589,1.7994,0.0601
Vidarbha,2026,SSP585,0.671,1073.2,170.4,0.4051,1.5502,0.0663
Vidarbha,2027,SSP245,0.96,1089.1,174.6,0.3314,2.0688,0.0579
Vidarbha,2027,SSP585,0.744,1077.2,171.5,0.3917,1.6002,0.064
Vidarbha,2028,SSP245,1.04,1093.5,175.7,0.3491,2.0264,0.0558
Vidarbha,2028,SSP585,0.819,1081.3,172.5,0.3384,1.7044,0.0618
Vidarbha,2029,SSP245,1.12,1097.9,176.9,0.3272,2.0658,0.0537
Vidarbha,2029,SSP585,0.896,1085.6,173.7,0.3429,1.7923,0.0596
Vidarbha,2030,SSP245,1.2,1102.3,178.1,0.2961,2.3483,0.0518
Vidarbha,2030,SSP585,0.975,1089.9,174.8,0.3368,1.9292,0.0575
Vidarbha,2031,SSP245,1.28,1106.6,179.2,0.2912,2.41,0.0499
Vidarbha,2031,SSP585,1.056,1094.3,176.0,0.3153,2.0284,0.0553
Vidarbha,2032,SSP245,1.36,1111.0,180.4,0.3068,2.4632,0.0481
Vidarbha,2032,SSP585,1.139,1098.9,177.2,0.3186,2.1636,0.0533
Vidarbha,2033,SSP245,1.44,1115.4,181.5,0.2827,2.6873,0.0463
Vidarbha,2033,SSP585,1.224,1103.6,178.4,0.2863,2.27,0.0512
Vidarbha,2034,SSP245,1.52,1119.8,182.7,0.2218,2.6853,0.0447
Vidarbha,2034,SSP585,1.311,1108.4,179.7,0.2759,2.4171,0.0492
Vidarbha,2035,SSP245,1.6,1124.2,183.8,0.217,2.9253,0.043
Vidarbha,2035,SSP585,1.4,1113.2,180.9,0.2549,2.4701,0.0472
Vidarbha,2036,SSP245,1.68,1128.6,185.0,0.2598,2.9644,0.0415
Vidarbha,2036,SSP585,1.491,1118.2,182.3,0.2636,2.6119,0.0453
Vidarbha,2037,SSP245,1.76,1133.0,186.2,0.2329,3.0097,0.04
Vidarbha,2037,SSP585,1.584,1123.3,183.6,0.2463,2.7845,0.0434
Vidarbha,2038,SSP245,1.84,1137.4,187.3,0.2098,3.3137,0.0386
Vidarbha,2038,SSP585,1.679,1128.6,185.0,0.2419,2.8741,0.0415
Vidarbha,2039,SSP245,1.92,1141.8,188.5,0.2218,3.3013,0.0372
Vidarbha,2039,SSP585,1.776,1133.9,186.4,0.216,3.1215,0.0397
Vidarbha,2040,SSP245,2.0,1146.2,189.6,0.2119,3.5991,0.0359
Vidarbha,2040,SSP585,1.875,1139.3,187.8,0.2352,3.4504,0.038
Vidarbha,2041,SSP245,2.0,1146.2,189.6,0.1972,3.5392,0.0359
Vidarbha,2041,SSP585,1.976,1144.9,189.3,0.1975,3.4711,0.0363
Vidarbha,2042,SSP245,2.0,1146.2,189.6,0.1966,3.4692,0.0359
Vidarbha,2042,SSP585,2.079,1150.5,190.8,0.1726,3.7782,0.0346
Vidarbha,2043,SSP245,2.0,1146.2,189.6,0.1759,3.6872,0.0359
Vidarbha,2043,SSP585,2.184,1156.3,192.3,0.1862,3.9021,0.033
Vidarbha,2044,SSP245,2.0,1146.2,189.6,0.2002,3.5391,0.0359
Vidarbha,2044,SSP585,2.291,1162.2,193.8,0.1746,4.0878,0.0314
Vidarbha,2045,SSP245,2.0,1146.2,189.6,0.1962,3.5635,0.0359
Vidarbha,2045,SSP585,2.4,1168.2,195.4,0.1712,4.2204,0.0299
Vidarbha,2046,SSP245,2.0,1146.2,189.6,0.1821,3.4957,0.0359
Vidarbha,2046,SSP585,2.511,1174.3,197.0,0.1533,4.7286,0.0285
Vidarbha,2047,SSP245,2.0,1146.2,189.6,0.2176,3.6228,0.0359
Vidarbha,2047,SSP585,2.624,1180.5,198.7,0.1374,4.7033,0.0271
Vidarbha,2048,SSP245,2.0,1146.2,189.6,0.1922,3.5411,0.0359
Vidarbha,2048,SSP585,2.739,1186.8,200.3,0.1508,4.9912,0.0257
Vidarbha,2049,SSP245,2.0,1146.2,189.6,0.1906,3.5751,0.0359
Vidarbha,2049,SSP585,2.856,1193.2,202.0,0.1248,5.3398,0.0244
Vidarbha,2050,SSP245,2.0,1146.2,189.6,0.1883,3.6361,0.0359
Vidarbha,2050,SSP585,2.975,1199.7,203.7,0.1299,5.6586,0.0232
Vidarbha,2051,SSP245,2.0,1146.2,189.6,0.2166,3.5748,0.0359
Vidarbha,2051,SSP585,3.096,1206.4,205.5,0.1142,5.8869,0.022
Vidarbha,2052,SSP245,2.0,1146.2,189.6,0.2136,3.47,0.0359
Vidarbha,2052,SSP585,3.219,1213.2,207.3,0.1231,5.971,0.0208
Vidarbha,2053,SSP245,2.0,1146.2,189.6,0.173,3.6473,0.0359
Vidarbha,2053,SSP585,3.344,1220.0,209.1,0.1039,6.5718,0.0197
Vidarbha,2054,SSP245,2.0,1146.2,189.6,0.1986,3.4787,0.0359
Vidarbha,2054,SSP585,3.471,1227.0,210.9,0.0861,6.6013,0.0187
Vidarbha,2055,SSP245,2.0,1146.2,189.6,0.2073,3.5001,0.0359
Vidarbha,2055,SSP585,3.6,1234.1,212.8,0.0984,7.0956,0.0177
Vidarbha,2056,SSP245,2.0,1146.2,189.6,0.2071,3.6137,0.0359
Vidarbha,2056,SSP585,3.731,1241.3,214.7,0.0804,7.2805,0.0167
Vidarbha,2057,SSP245,2.0,1146.2,189.6,0.2169,3.5519,0.0359
Vidarbha,2057,SSP585,3.864,1248.6,216.6,0.093,7.6579,0.0158
Vidarbha,2058,SSP245,2.0,1146.2,189.6,0.2036,3.5557,0.0359
Vidarbha,2058,SSP585,3.999,1256.0,218.5,0.0974,8.0557,0.0149
Vidarbha,2059,SSP245,2.0,1146.2,189.6,0.186,3.5377,0.0359
Vidarbha,2059,SSP585,4.0,1256.0,218.6,0.0672,7.9564,0.0149
Vidarbha,2060,SSP245,2.0,1146.2,189.6,0.187,3.6456,0.0359
Vidarbha,2060,SSP585,4.0,1256.0,218.6,0.082,8.0718,0.0149
West_Bengal,2025,SSP245,0.8,1257.6,134.6,0.038,0.5507,0.0098
West_Bengal,2025,SSP585,0.6,1244.8,132.3,0.0449,0.4303,0.0119
West_Bengal,2026,SSP245,0.88,1262.7,135.5,0.0398,0.6168,0.0091
West_Bengal,2026,SSP585,0.671,1249.4,133.1,0.0392,0.4783,0.0111
West_Bengal,2027,SSP245,0.96,1267.8,136.4,0.0291,0.6883,0.0085
West_Bengal,2027,SSP585,0.744,1254.0,133.9,0.03,0.4555,0.0104
West_Bengal,2028,SSP245,1.04,1273.0,137.3,0.0284,0.7051,0.0078
West_Bengal,2028,SSP585,0.819,1258.8,134.8,0.0387,0.5545,0.0097
West_Bengal,2029,SSP245,1.12,1278.1,138.2,0.0319,0.8327,0.0073
West_Bengal,2029,SSP585,0.896,1263.7,135.7,0.0323,0.6072,0.009
West_Bengal,2030,SSP245,1.2,1283.2,139.1,0.0283,0.8736,0.0067
West_Bengal,2030,SSP585,0.975,1268.8,136.6,0.0279,0.6808,0.0083
West_Bengal,2031,SSP245,1.28,1288.3,140.0,0.022,0.9602,0.0062
West_Bengal,2031,SSP585,1.056,1274.0,137.5,0.0294,0.7801,0.0077
West_Bengal,2032,SSP245,1.36,1293.4,140.9,0.0258,1.0847,0.0058
West_Bengal,2032,SSP585,1.139,1279.3,138.4,0.0242,0.8391,0.0071
West_Bengal,2033,SSP245,1.44,1298.5,141.8,0.0194,1.1506,0.0054
West_Bengal,2033,SSP585,1.224,1284.7,139.4,0.0237,0.9602,0.0066
West_Bengal,2034,SSP245,1.52,1303.6,142.7,0.0164,1.3132,0.005
West_Bengal,2034,SSP585,1.311,1290.3,140.4,0.0317,0.9638,0.0061
West_Bengal,2035,SSP245,1.6,1308.8,143.6,0.021,1.4119,0.0046
West_Bengal,2035,SSP585,1.4,1296.0,141.4,0.0177,1.1137,0.0056
West_Bengal,2036,SSP245,1.68,1313.9,144.5,0.0165,1.4649,0.0043
West_Bengal,2036,SSP585,1.491,1301.8,142.4,0.0189,1.278,0.0051
West_Bengal,2037,SSP245,1.76,1319.0,145.4,0.0112,1.5514,0.004
West_Bengal,2037,SSP585,1.584,1307.7,143.4,0.0173,1.2961,0.0047
West_Bengal,2038,SSP245,1.84,1324.1,146.3,0.0167,1.7481,0.0037
West_Bengal,2038,SSP585,1.679,1313.8,144.5,0.0276,1.4487,0.0043
West_Bengal,2039,SSP245,1.92,1329.2,147.2,0.014,1.8061,0.0034
West_Bengal,2039,SSP585,1.776,1320.0,145.6,0.0144,1.5918,0.0039
West_Bengal,2040,SSP245,2.0,1334.3,148.1,0.0107,2.0194,0.0032
West_Bengal,2040,SSP585,1.875,1326.3,146.7,0.0068,1.8466,0.0036
West_Bengal,2041,SSP245,2.0,1334.3,148.1,0.0086,1.9307,0.0032
West_Bengal,2041,SSP585,1.976,1332.8,147.9,0.0134,1.9874,0.0032
West_Bengal,2042,SSP245,2.0,1334.3,148.1,0.0057,1.9748,0.0032
West_Bengal,2042,SSP585,2.079,1339.4,149.0,0.0097,2.0094,0.0029
West_Bengal,2043,SSP245,2.0,1334.3,148.1,0.0105,1.9509,0.0032
West_Bengal,2043,SSP585,2.184,1346.1,150.2,0.0103,2.2033,0.0027
West_Bengal,2044,SSP245,2.0,1334.3,148.1,0.0087,2.0024,0.0032
West_Bengal,2044,SSP585,2.291,1352.9,151.4,0.0101,2.5217,0.0024
West_Bengal,2045,SSP245,2.0,1334.3,148.1,0.0102,1.9494,0.0032
West_Bengal,2045,SSP585,2.4,1359.9,152.7,0.0083,2.7391,0.0022
West_Bengal,2046,SSP245,2.0,1334.3,148.1,0.0061,1.9649,0.0032
West_Bengal,2046,SSP585,2.511,1367.0,153.9,0.0088,3.0735,0.002
West_Bengal,2047,SSP245,2.0,1334.3,148.1,0.0107,1.9244,0.0032
West_Bengal,2047,SSP585,2.624,1374.2,155.2,0.0077,3.2378,0.0018
West_Bengal,2048,SSP245,2.0,1334.3,148.1,0.0126,1.938,0.0032
West_Bengal,2048,SSP585,2.739,1381.6,156.5,0.0081,3.391,0.0016
West_Bengal,2049,SSP245,2.0,1334.3,148.1,0.008,2.022,0.0032
West_Bengal,2049,SSP585,2.856,1389.1,157.8,0.01,3.6212,0.0014
West_Bengal,2050,SSP245,2.0,1334.3,148.1,0.0095,2.0715,0.0032
West_Bengal,2050,SSP585,2.975,1396.7,159.2,0.004,4.3295,0.0013
West_Bengal,2051,SSP245,2.0,1334.3,148.1,0.0099,1.9569,0.0032
West_Bengal,2051,SSP585,3.096,1404.4,160.5,0.0037,4.3459,0.0011
West_Bengal,2052,SSP245,2.0,1334.3,148.1,0.014,1.9905,0.0032
West_Bengal,2052,SSP585,3.219,1412.3,161.9,0.0047,4.6961,0.001
West_Bengal,2053,SSP245,2.0,1334.3,148.1,0.011,1.9392,0.0032
West_Bengal,2053,SSP585,3.344,1420.3,163.3,0.0038,5.1252,0.0009
West_Bengal,2054,SSP245,2.0,1334.3,148.1,0.0133,1.9685,0.0032
West_Bengal,2054,SSP585,3.471,1428.4,164.8,0.004,5.5227,0.0008
West_Bengal,2055,SSP245,2.0,1334.3,148.1,0.0095,1.8651,0.0032
West_Bengal,2055,SSP585,3.6,1436.6,166.2,0.0016,5.7953,0.0007
West_Bengal,2056,SSP245,2.0,1334.3,148.1,0.0083,1.9466,0.0032
West_Bengal,2056,SSP585,3.731,1445.0,167.7,0.0012,6.1843,0.0006
West_Bengal,2057,SSP245,2.0,1334.3,148.1,0.0106,1.9093,0.0032
West_Bengal,2057,SSP585,3.864,1453.5,169.2,0.0021,6.6693,0.0006
West_Bengal,2058,SSP245,2.0,1334.3,148.1,0.0079,2.0465,0.0032
West_Bengal,2058,SSP585,3.999,1462.2,170.7,0.0022,7.0481,0.0005
West_Bengal,2059,SSP245,2.0,1334.3,148.1,0.008,1.9641,0.0032
West_Bengal,2059,SSP585,4.0,1462.2,170.7,0.0042,7.2601,0.0005
West_Bengal,2060,SSP245,2.0,1334.3,148.1,0.0062,1.9416,0.0032
West_Bengal,2060,SSP585,4.0,1462.2,170.7,0.0026,7.0831,0.0005
